code_muni;Nome;Área Colhida há (2024)
3100104;Abadia dos Dourados (MG);224
3100203;Abaeté (MG);60
3100302;Abre Campo (MG);4100
3100401;Acaiaca (MG);4
3100500;Açucena (MG);3
3100609;Água Boa (MG);2310
3100708;Água Comprida (MG);-
3100807;Aguanil (MG);1917
3100906;Águas Formosas (MG);-
3101003;Águas Vermelhas (MG);798
3101102;Aimorés (MG);680
3101201;Aiuruoca (MG);10
3101300;Alagoa (MG);-
3101409;Albertina (MG);1500
3101508;Além Paraíba (MG);-
3101607;Alfenas (MG);12785
3101631;Alfredo Vasconcelos (MG);-
3101706;Almenara (MG);50
3101805;Alpercata (MG);-
3101904;Alpinópolis (MG);6600
3102001;Alterosa (MG);5335
3102050;Alto Caparaó (MG);2550
3102100;Alto Rio Doce (MG);-
3102209;Alvarenga (MG);8
3102308;Alvinópolis (MG);-
3102407;Alvorada de Minas (MG);-
3102506;Amparo do Serra (MG);360
3102605;Andradas (MG);6900
3102704;Cachoeira de Pajeú (MG);-
3102803;Andrelândia (MG);310
3102852;Angelândia (MG);3720
3102902;Antônio Carlos (MG);-
3103009;Antônio Dias (MG);44
3103108;Antônio Prado de Minas (MG);30
3103207;Araçaí (MG);-
3103306;Aracitaba (MG);-
3103405;Araçuaí (MG);-
3103504;Araguari (MG);13175
3103603;Arantina (MG);-
3103702;Araponga (MG);4400
3103751;Araporã (MG);-
3103801;Arapuá (MG);770
3103900;Araújos (MG);-
3104007;Araxá (MG);3403
3104106;Arceburgo (MG);1740
3104205;Arcos (MG);-
3104304;Areado (MG);2850
3104403;Argirita (MG);-
3104452;Aricanduva (MG);815
3104502;Arinos (MG);-
3104601;Astolfo Dutra (MG);8
3104700;Ataléia (MG);85
3104809;Augusto de Lima (MG);-
3104908;Baependi (MG);905
3105004;Baldim (MG);-
3105103;Bambuí (MG);2920
3105202;Bandeira (MG);40
3105301;Bandeira do Sul (MG);370
3105400;Barão de Cocais (MG);-
3105509;Barão do Monte Alto (MG);-
3105608;Barbacena (MG);-
3105707;Barra Longa (MG);-
3105905;Barroso (MG);-
3106002;Bela Vista de Minas (MG);...
3106101;Belmiro Braga (MG);-
3106200;Belo Horizonte (MG);...
3106309;Belo Oriente (MG);-
3106408;Belo Vale (MG);-
3106507;Berilo (MG);176
3106606;Bertópolis (MG);-
3106655;Berizal (MG);310
3106705;Betim (MG);-
3106804;Bias Fortes (MG);-
3106903;Bicas (MG);-
3107000;Biquinhas (MG);256
3107109;Boa Esperança (MG);8630
3107208;Bocaina de Minas (MG);-
3107307;Bocaiúva (MG);182
3107406;Bom Despacho (MG);-
3107505;Bom Jardim de Minas (MG);-
3107604;Bom Jesus da Penha (MG);2500
3107703;Bom Jesus do Amparo (MG);4
3107802;Bom Jesus do Galho (MG);1000
3107901;Bom Repouso (MG);14
3108008;Bom Sucesso (MG);3490
3108107;Bonfim (MG);-
3108206;Bonfinópolis de Minas (MG);760
3108255;Bonito de Minas (MG);-
3108305;Borda da Mata (MG);400
3108404;Botelhos (MG);6875
3108503;Botumirim (MG);40
3108552;Brasilândia de Minas (MG);-
3108602;Brasília de Minas (MG);-
3108701;Brás Pires (MG);...
3108800;Braúnas (MG);-
3108909;Brazópolis (MG);411
3109006;Brumadinho (MG);-
3109105;Bueno Brandão (MG);2040
3109204;Buenópolis (MG);-
3109253;Bugre (MG);-
3109303;Buritis (MG);929
3109402;Buritizeiro (MG);1170
3109451;Cabeceira Grande (MG);-
3109501;Cabo Verde (MG);9100
3109600;Cachoeira da Prata (MG);...
3109709;Cachoeira de Minas (MG);1280
3109808;Cachoeira Dourada (MG);-
3109907;Caetanópolis (MG);-
3110004;Caeté (MG);10
3110103;Caiana (MG);3500
3110202;Cajuri (MG);850
3110301;Caldas (MG);1300
3110400;Camacho (MG);2710
3110509;Camanducaia (MG);-
3110608;Cambuí (MG);8
3110707;Cambuquira (MG);3000
3110806;Campanário (MG);-
3110905;Campanha (MG);3336
3111002;Campestre (MG);12480
3111101;Campina Verde (MG);-
3111150;Campo Azul (MG);...
3111200;Campo Belo (MG);2500
3111309;Campo do Meio (MG);4418
3111408;Campo Florido (MG);-
3111507;Campos Altos (MG);10070
3111606;Campos Gerais (MG);19000
3111705;Canaã (MG);960
3111804;Canápolis (MG);-
3111903;Cana Verde (MG);620
3112000;Candeias (MG);6070
3112059;Cantagalo (MG);-
3112109;Caparaó (MG);5580
3112208;Capela Nova (MG);405
3112307;Capelinha (MG);7033
3112406;Capetinga (MG);5890
3112505;Capim Branco (MG);-
3112604;Capinópolis (MG);-
3112653;Capitão Andrade (MG);-
3112703;Capitão Enéas (MG);1
3112802;Capitólio (MG);1800
3112901;Caputira (MG);4620
3113008;Caraí (MG);500
3113107;Caranaíba (MG);40
3113206;Carandaí (MG);40
3113305;Carangola (MG);4225
3113404;Caratinga (MG);11930
3113503;Carbonita (MG);30
3113602;Careaçu (MG);1180
3113701;Carlos Chagas (MG);-
3113800;Carmésia (MG);...
3113909;Carmo da Cachoeira (MG);12000
3114006;Carmo da Mata (MG);900
3114105;Carmo de Minas (MG);3350
3114204;Carmo do Cajuru (MG);-
3114303;Carmo do Paranaíba (MG);11540
3114402;Carmo do Rio Claro (MG);11500
3114501;Carmópolis de Minas (MG);100
3114550;Carneirinho (MG);-
3114600;Carrancas (MG);28
3114709;Carvalhópolis (MG);1900
3114808;Carvalhos (MG);...
3114907;Casa Grande (MG);67
3115003;Cascalho Rico (MG);490
3115102;Cássia (MG);5590
3115201;Conceição da Barra de Minas (MG);275
3115300;Cataguases (MG);2
3115359;Catas Altas (MG);5
3115409;Catas Altas da Noruega (MG);10
3115458;Catuji (MG);65
3115474;Catuti (MG);...
3115508;Caxambu (MG);98
3115607;Cedro do Abaeté (MG);...
3115706;Central de Minas (MG);-
3115805;Centralina (MG);-
3115904;Chácara (MG);2
3116001;Chalé (MG);2380
3116100;Chapada do Norte (MG);-
3116159;Chapada Gaúcha (MG);-
3116209;Chiador (MG);-
3116308;Cipotânea (MG);30
3116407;Claraval (MG);3600
3116506;Claro dos Poções (MG);-
3116605;Cláudio (MG);316
3116704;Coimbra (MG);395
3116803;Coluna (MG);3
3116902;Comendador Gomes (MG);-
3117009;Comercinho (MG);17
3117108;Conceição da Aparecida (MG);9000
3117207;Conceição das Pedras (MG);1795
3117306;Conceição das Alagoas (MG);12
3117405;Conceição de Ipanema (MG);865
3117504;Conceição do Mato Dentro (MG);-
3117603;Conceição do Pará (MG);-
3117702;Conceição do Rio Verde (MG);4300
3117801;Conceição dos Ouros (MG);260
3117836;Cônego Marinho (MG);...
3117876;Confins (MG);...
3117900;Congonhal (MG);330
3118007;Congonhas (MG);8
3118106;Congonhas do Norte (MG);15
3118205;Conquista (MG);8
3118304;Conselheiro Lafaiete (MG);-
3118403;Conselheiro Pena (MG);3830
3118502;Consolação (MG);-
3118601;Contagem (MG);-
3118700;Coqueiral (MG);9000
3118809;Coração de Jesus (MG);9
3118908;Cordisburgo (MG);-
3119005;Cordislândia (MG);1780
3119104;Corinto (MG);-
3119203;Coroaci (MG);60
3119302;Coromandel (MG);7810
3119401;Coronel Fabriciano (MG);-
3119500;Coronel Murta (MG);-
3119609;Coronel Pacheco (MG);-
3119708;Coronel Xavier Chaves (MG);-
3119807;Córrego Danta (MG);950
3119906;Córrego do Bom Jesus (MG);-
3119955;Córrego Fundo (MG);255
3120003;Córrego Novo (MG);35
3120102;Couto de Magalhães de Minas (MG);2
3120151;Crisólita (MG);-
3120201;Cristais (MG);3580
3120300;Cristália (MG);5
3120409;Cristiano Otoni (MG);-
3120508;Cristina (MG);760
3120607;Crucilândia (MG);-
3120706;Cruzeiro da Fortaleza (MG);600
3120805;Cruzília (MG);179
3120839;Cuparaque (MG);245
3120870;Curral de Dentro (MG);70
3120904;Curvelo (MG);-
3121001;Datas (MG);6
3121100;Delfim Moreira (MG);-
3121209;Delfinópolis (MG);350
3121258;Delta (MG);-
3121308;Descoberto (MG);1
3121407;Desterro de Entre Rios (MG);82
3121506;Desterro do Melo (MG);10
3121605;Diamantina (MG);618
3121704;Diogo de Vasconcelos (MG);...
3121803;Dionísio (MG);-
3121902;Divinésia (MG);120
3122009;Divino (MG);9800
3122108;Divino das Laranjeiras (MG);5
3122207;Divinolândia de Minas (MG);40
3122306;Divinópolis (MG);-
3122355;Divisa Alegre (MG);40
3122405;Divisa Nova (MG);2380
3122454;Divisópolis (MG);818
3122470;Dom Bosco (MG);-
3122504;Dom Cavati (MG);25
3122603;Dom Joaquim (MG);2
3122702;Dom Silvério (MG);-
3122801;Dom Viçoso (MG);325
3122900;Dona Euzébia (MG);-
3123007;Dores de Campos (MG);...
3123106;Dores de Guanhães (MG);...
3123205;Dores do Indaiá (MG);...
3123304;Dores do Turvo (MG);50
3123403;Doresópolis (MG);260
3123502;Douradoquara (MG);-
3123528;Durandé (MG);5225
3123601;Elói Mendes (MG);12542
3123700;Engenheiro Caldas (MG);-
3123809;Engenheiro Navarro (MG);-
3123858;Entre Folhas (MG);360
3123908;Entre Rios de Minas (MG);150
3124005;Ervália (MG);5100
3124104;Esmeraldas (MG);32
3124203;Espera Feliz (MG);9500
3124302;Espinosa (MG);-
3124401;Espírito Santo do Dourado (MG);485
3124500;Estiva (MG);2
3124609;Estrela Dalva (MG);-
3124708;Estrela do Indaiá (MG);200
3124807;Estrela do Sul (MG);2400
3124906;Eugenópolis (MG);1700
3125002;Ewbank da Câmara (MG);...
3125101;Extrema (MG);2
3125200;Fama (MG);1240
3125309;Faria Lemos (MG);685
3125408;Felício dos Santos (MG);297
3125507;São Gonçalo do Rio Preto (MG);42
3125606;Felisburgo (MG);9
3125705;Felixlândia (MG);-
3125804;Fernandes Tourinho (MG);-
3125903;Ferros (MG);39
3125952;Fervedouro (MG);3100
3126000;Florestal (MG);-
3126109;Formiga (MG);2785
3126208;Formoso (MG);1000
3126307;Fortaleza de Minas (MG);1270
3126406;Fortuna de Minas (MG);...
3126505;Francisco Badaró (MG);-
3126604;Francisco Dumont (MG);300
3126703;Francisco Sá (MG);-
3126752;Franciscópolis (MG);90
3126802;Frei Gaspar (MG);30
3126901;Frei Inocêncio (MG);-
3126950;Frei Lagonegro (MG);5
3127008;Fronteira (MG);-
3127057;Fronteira dos Vales (MG);-
3127073;Fruta de Leite (MG);-
3127107;Frutal (MG);-
3127206;Funilândia (MG);-
3127305;Galiléia (MG);-
3127339;Gameleiras (MG);-
3127354;Glaucilândia (MG);-
3127370;Goiabeira (MG);-
3127388;Goianá (MG);-
3127404;Gonçalves (MG);-
3127503;Gonzaga (MG);-
3127602;Gouveia (MG);-
3127701;Governador Valadares (MG);-
3127800;Grão Mogol (MG);90
3127909;Grupiara (MG);-
3128006;Guanhães (MG);-
3128105;Guapé (MG);9100
3128204;Guaraciaba (MG);130
3128253;Guaraciama (MG);-
3128303;Guaranésia (MG);4200
3128402;Guarani (MG);58
3128501;Guarará (MG);14
3128600;Guarda-Mor (MG);354
3128709;Guaxupé (MG);3950
3128808;Guidoval (MG);-
3128907;Guimarânia (MG);4100
3129004;Guiricema (MG);200
3129103;Gurinhatã (MG);-
3129202;Heliodora (MG);3185
3129301;Iapu (MG);304
3129400;Ibertioga (MG);-
3129509;Ibiá (MG);5550
3129608;Ibiaí (MG);...
3129657;Ibiracatu (MG);...
3129707;Ibiraci (MG);15800
3129806;Ibirité (MG);-
3129905;Ibitiúra de Minas (MG);1510
3130002;Ibituruna (MG);600
3130051;Icaraí de Minas (MG);-
3130101;Igarapé (MG);10
3130200;Igaratinga (MG);...
3130309;Iguatama (MG);-
3130408;Ijaci (MG);200
3130507;Ilicínea (MG);6970
3130556;Imbé de Minas (MG);3400
3130606;Inconfidentes (MG);3025
3130655;Indaiabira (MG);540
3130705;Indianópolis (MG);4570
3130804;Ingaí (MG);438
3130903;Inhapim (MG);3580
3131000;Inhaúma (MG);-
3131109;Inimutaba (MG);-
3131158;Ipaba (MG);-
3131208;Ipanema (MG);25
3131307;Ipatinga (MG);-
3131406;Ipiaçu (MG);...
3131505;Ipuiúna (MG);-
3131604;Iraí de Minas (MG);1158
3131703;Itabira (MG);6
3131802;Itabirinha (MG);111
3131901;Itabirito (MG);-
3132008;Itacambira (MG);4
3132107;Itacarambi (MG);-
3132206;Itaguara (MG);13
3132305;Itaipé (MG);400
3132404;Itajubá (MG);29
3132503;Itamarandiba (MG);525
3132602;Itamarati de Minas (MG);66
3132701;Itambacuri (MG);237
3132800;Itambé do Mato Dentro (MG);-
3132909;Itamogi (MG);10400
3133006;Itamonte (MG);-
3133105;Itanhandu (MG);-
3133204;Itanhomi (MG);335
3133303;Itaobim (MG);-
3133402;Itapagipe (MG);-
3133501;Itapecerica (MG);395
3133600;Itapeva (MG);-
3133709;Itatiaiuçu (MG);-
3133758;Itaú de Minas (MG);9
3133808;Itaúna (MG);-
3133907;Itaverava (MG);-
3134004;Itinga (MG);-
3134103;Itueta (MG);-
3134202;Ituiutaba (MG);4
3134301;Itumirim (MG);359
3134400;Iturama (MG);-
3134509;Itutinga (MG);100
3134608;Jaboticatubas (MG);8
3134707;Jacinto (MG);-
3134806;Jacuí (MG);3250
3134905;Jacutinga (MG);3195
3135001;Jaguaraçu (MG);...
3135050;Jaíba (MG);-
3135076;Jampruca (MG);-
3135100;Janaúba (MG);-
3135209;Januária (MG);-
3135308;Japaraíba (MG);-
3135357;Japonvar (MG);-
3135407;Jeceaba (MG);-
3135456;Jenipapo de Minas (MG);-
3135506;Jequeri (MG);3600
3135605;Jequitaí (MG);-
3135704;Jequitibá (MG);-
3135803;Jequitinhonha (MG);60
3135902;Jesuânia (MG);1630
3136009;Joaíma (MG);-
3136108;Joanésia (MG);-
3136207;João Monlevade (MG);...
3136306;João Pinheiro (MG);3000
3136405;Joaquim Felício (MG);-
3136504;Jordânia (MG);-
3136520;José Gonçalves de Minas (MG);190
3136553;José Raydan (MG);-
3136579;Josenópolis (MG);4
3136603;Nova União (MG);5
3136652;Juatuba (MG);-
3136702;Juiz de Fora (MG);6
3136801;Juramento (MG);-
3136900;Juruaia (MG);4800
3136959;Juvenília (MG);...
3137007;Ladainha (MG);100
3137106;Lagamar (MG);410
3137205;Lagoa da Prata (MG);-
3137304;Lagoa dos Patos (MG);...
3137403;Lagoa Dourada (MG);262
3137502;Lagoa Formosa (MG);1050
3137536;Lagoa Grande (MG);140
3137601;Lagoa Santa (MG);-
3137700;Lajinha (MG);8485
3137809;Lambari (MG);4800
3137908;Lamim (MG);18
3138005;Laranjal (MG);-
3138104;Lassance (MG);100
3138203;Lavras (MG);5020
3138302;Leandro Ferreira (MG);-
3138351;Leme do Prado (MG);68
3138401;Leopoldina (MG);70
3138500;Liberdade (MG);...
3138609;Lima Duarte (MG);-
3138625;Limeira do Oeste (MG);-
3138658;Lontra (MG);...
3138674;Luisburgo (MG);6150
3138682;Luislândia (MG);-
3138708;Luminárias (MG);2175
3138807;Luz (MG);130
3138906;Machacalis (MG);...
3139003;Machado (MG);15506
3139102;Madre de Deus de Minas (MG);-
3139201;Malacacheta (MG);1000
3139250;Mamonas (MG);...
3139300;Manga (MG);-
3139409;Manhuaçu (MG);22600
3139508;Manhumirim (MG);5300
3139607;Mantena (MG);500
3139706;Maravilhas (MG);-
3139805;Mar de Espanha (MG);80
3139904;Maria da Fé (MG);90
3140001;Mariana (MG);20
3140100;Marilac (MG);-
3140159;Mário Campos (MG);-
3140209;Maripá de Minas (MG);-
3140308;Marliéria (MG);2
3140407;Marmelópolis (MG);-
3140506;Martinho Campos (MG);-
3140530;Martins Soares (MG);2950
3140555;Mata Verde (MG);544
3140605;Materlândia (MG);-
3140704;Mateus Leme (MG);22
3140803;Matias Barbosa (MG);-
3140852;Matias Cardoso (MG);-
3140902;Matipó (MG);4290
3141009;Mato Verde (MG);-
3141108;Matozinhos (MG);...
3141207;Matutina (MG);247
3141306;Medeiros (MG);3280
3141405;Medina (MG);2
3141504;Mendes Pimentel (MG);-
3141603;Mercês (MG);20
3141702;Mesquita (MG);-
3141801;Minas Novas (MG);440
3141900;Minduri (MG);2
3142007;Mirabela (MG);...
3142106;Miradouro (MG);2765
3142205;Miraí (MG);320
3142254;Miravânia (MG);...
3142304;Moeda (MG);2
3142403;Moema (MG);...
3142502;Monjolos (MG);-
3142601;Monsenhor Paulo (MG);3690
3142700;Montalvânia (MG);-
3142809;Monte Alegre de Minas (MG);132
3142908;Monte Azul (MG);3
3143005;Monte Belo (MG);5200
3143104;Monte Carmelo (MG);16200
3143153;Monte Formoso (MG);25
3143203;Monte Santo de Minas (MG);10650
3143302;Montes Claros (MG);-
3143401;Monte Sião (MG);2100
3143450;Montezuma (MG);40
3143500;Morada Nova de Minas (MG);-
3143609;Morro da Garça (MG);-
3143708;Morro do Pilar (MG);-
3143807;Munhoz (MG);14
3143906;Muriaé (MG);875
3144003;Mutum (MG);7020
3144102;Muzambinho (MG);8400
3144201;Nacip Raydan (MG);-
3144300;Nanuque (MG);-
3144359;Naque (MG);-
3144375;Natalândia (MG);-
3144409;Natércia (MG);2520
3144508;Nazareno (MG);2120
3144607;Nepomuceno (MG);10420
3144656;Ninheira (MG);1903
3144672;Nova Belém (MG);4500
3144706;Nova Era (MG);12
3144805;Nova Lima (MG);1
3144904;Nova Módica (MG);-
3145000;Nova Ponte (MG);610
3145059;Nova Porteirinha (MG);3
3145109;Nova Resende (MG);14500
3145208;Nova Serrana (MG);...
3145307;Novo Cruzeiro (MG);814
3145356;Novo Oriente de Minas (MG);-
3145372;Novorizonte (MG);27
3145406;Olaria (MG);-
3145455;Olhos-d'Água (MG);-
3145505;Olímpio Noronha (MG);720
3145604;Oliveira (MG);7035
3145703;Oliveira Fortes (MG);-
3145802;Onça de Pitangui (MG);-
3145851;Oratórios (MG);-
3145877;Orizânia (MG);4150
3145901;Ouro Branco (MG);5
3146008;Ouro Fino (MG);5820
3146107;Ouro Preto (MG);25
3146206;Ouro Verde de Minas (MG);20
3146255;Padre Carvalho (MG);12
3146305;Padre Paraíso (MG);165
3146404;Paineiras (MG);-
3146503;Pains (MG);-
3146552;Pai Pedro (MG);-
3146602;Paiva (MG);2
3146701;Palma (MG);-
3146750;Palmópolis (MG);2
3146909;Papagaios (MG);-
3147006;Paracatu (MG);1545
3147105;Pará de Minas (MG);-
3147204;Paraguaçu (MG);9950
3147303;Paraisópolis (MG);75
3147402;Paraopeba (MG);-
3147501;Passabém (MG);30
3147600;Passa Quatro (MG);-
3147709;Passa Tempo (MG);80
3147808;Passa Vinte (MG);-
3147907;Passos (MG);3370
3147956;Patis (MG);20
3148004;Patos de Minas (MG);9175
3148103;Patrocínio (MG);42830
3148202;Patrocínio do Muriaé (MG);-
3148301;Paula Cândido (MG);1370
3148400;Paulistas (MG);-
3148509;Pavão (MG);-
3148608;Peçanha (MG);166
3148707;Pedra Azul (MG);10
3148756;Pedra Bonita (MG);3750
3148806;Pedra do Anta (MG);240
3148905;Pedra do Indaiá (MG);-
3149002;Pedra Dourada (MG);1300
3149101;Pedralva (MG);2530
3149150;Pedras de Maria da Cruz (MG);-
3149200;Pedrinópolis (MG);430
3149309;Pedro Leopoldo (MG);-
3149408;Pedro Teixeira (MG);-
3149507;Pequeri (MG);-
3149606;Pequi (MG);-
3149705;Perdigão (MG);-
3149804;Perdizes (MG);5595
3149903;Perdões (MG);3340
3149952;Periquito (MG);-
3150000;Pescador (MG);-
3150109;Piau (MG);-
3150158;Piedade de Caratinga (MG);3500
3150208;Piedade de Ponte Nova (MG);-
3150307;Piedade do Rio Grande (MG);-
3150406;Piedade dos Gerais (MG);-
3150505;Pimenta (MG);2142
3150539;Pingo-d'Água (MG);-
3150570;Pintópolis (MG);-
3150604;Piracema (MG);5
3150703;Pirajuba (MG);-
3150802;Piranga (MG);160
3150901;Piranguçu (MG);6
3151008;Piranguinho (MG);473
3151107;Pirapetinga (MG);-
3151206;Pirapora (MG);890
3151305;Piraúba (MG);-
3151404;Pitangui (MG);-
3151503;Piumhi (MG);12620
3151602;Planura (MG);-
3151701;Poço Fundo (MG);9845
3151800;Poços de Caldas (MG);3700
3151909;Pocrane (MG);128
3152006;Pompéu (MG);-
3152105;Ponte Nova (MG);2
3152131;Ponto Chique (MG);-
3152170;Ponto dos Volantes (MG);60
3152204;Porteirinha (MG);-
3152303;Porto Firme (MG);475
3152402;Poté (MG);24
3152501;Pouso Alegre (MG);33
3152600;Pouso Alto (MG);100
3152709;Prados (MG);-
3152808;Prata (MG);-
3152907;Pratápolis (MG);176
3153004;Pratinha (MG);4200
3153103;Presidente Bernardes (MG);345
3153202;Presidente Juscelino (MG);-
3153301;Presidente Kubitschek (MG);19
3153400;Presidente Olegário (MG);5410
3153509;Alto Jequitibá (MG);5350
3153608;Prudente de Morais (MG);...
3153707;Quartel Geral (MG);175
3153806;Queluzito (MG);-
3153905;Raposos (MG);3
3154002;Raul Soares (MG);3430
3154101;Recreio (MG);-
3154150;Reduto (MG);3300
3154200;Resende Costa (MG);-
3154309;Resplendor (MG);-
3154408;Ressaquinha (MG);-
3154457;Riachinho (MG);-
3154507;Riacho dos Machados (MG);-
3154606;Ribeirão das Neves (MG);-
3154705;Ribeirão Vermelho (MG);285
3154804;Rio Acima (MG);-
3154903;Rio Casca (MG);-
3155009;Rio Doce (MG);...
3155108;Rio do Prado (MG);...
3155207;Rio Espera (MG);2
3155306;Rio Manso (MG);-
3155405;Rio Novo (MG);-
3155504;Rio Paranaíba (MG);13535
3155603;Rio Pardo de Minas (MG);560
3155702;Rio Piracicaba (MG);-
3155801;Rio Pomba (MG);-
3155900;Rio Preto (MG);-
3156007;Rio Vermelho (MG);13
3156106;Ritápolis (MG);225
3156205;Rochedo de Minas (MG);...
3156304;Rodeiro (MG);-
3156403;Romaria (MG);5700
3156452;Rosário da Limeira (MG);790
3156502;Rubelita (MG);-
3156601;Rubim (MG);-
3156700;Sabará (MG);6
3156809;Sabinópolis (MG);15
3156908;Sacramento (MG);2350
3157005;Salinas (MG);4
3157104;Salto da Divisa (MG);-
3157203;Santa Bárbara (MG);12
3157252;Santa Bárbara do Leste (MG);3260
3157278;Santa Bárbara do Monte Verde (MG);10
3157302;Santa Bárbara do Tugúrio (MG);15
3157377;Santa Cruz de Salinas (MG);-
3157401;Santa Cruz do Escalvado (MG);-
3157500;Santa Efigênia de Minas (MG);-
3157609;Santa Fé de Minas (MG);...
3157658;Santa Helena de Minas (MG);-
3157708;Santa Juliana (MG);98
3157807;Santa Luzia (MG);-
3157906;Santa Margarida (MG);11000
3158003;Santa Maria de Itabira (MG);-
3158102;Santa Maria do Salto (MG);-
3158201;Santa Maria do Suaçuí (MG);3
3158300;Santana da Vargem (MG);4500
3158409;Santana de Cataguases (MG);-
3158508;Santana de Pirapama (MG);-
3158607;Santana do Deserto (MG);-
3158706;Santana do Garambéu (MG);7
3158805;Santana do Jacaré (MG);475
3158904;Santana do Manhuaçu (MG);7300
3158953;Santana do Paraíso (MG);14
3159001;Santana do Riacho (MG);-
3159100;Santana dos Montes (MG);12
3159209;Santa Rita de Caldas (MG);200
3159308;Santa Rita de Jacutinga (MG);-
3159357;Santa Rita de Minas (MG);2308
3159407;Santa Rita de Ibitipoca (MG);...
3159506;Santa Rita do Itueto (MG);2100
3159605;Santa Rita do Sapucaí (MG);3800
3159704;Santa Rosa da Serra (MG);3500
3159803;Santa Vitória (MG);-
3159902;Santo Antônio do Amparo (MG);8200
3160009;Santo Antônio do Aventureiro (MG);-
3160108;Santo Antônio do Grama (MG);23
3160207;Santo Antônio do Itambé (MG);-
3160306;Santo Antônio do Jacinto (MG);-
3160405;Santo Antônio do Monte (MG);25
3160454;Santo Antônio do Retiro (MG);120
3160504;Santo Antônio do Rio Abaixo (MG);-
3160603;Santo Hipólito (MG);-
3160702;Santos Dumont (MG);-
3160801;São Bento Abade (MG);1200
3160900;São Brás do Suaçuí (MG);-
3160959;São Domingos das Dores (MG);2200
3161007;São Domingos do Prata (MG);100
3161056;São Félix de Minas (MG);-
3161106;São Francisco (MG);-
3161205;São Francisco de Paula (MG);2850
3161304;São Francisco de Sales (MG);-
3161403;São Francisco do Glória (MG);1440
3161502;São Geraldo (MG);370
3161601;São Geraldo da Piedade (MG);-
3161650;São Geraldo do Baixio (MG);-
3161700;São Gonçalo do Abaeté (MG);420
3161809;São Gonçalo do Pará (MG);-
3161908;São Gonçalo do Rio Abaixo (MG);11
3162005;São Gonçalo do Sapucaí (MG);9330
3162104;São Gotardo (MG);2025
3162203;São João Batista do Glória (MG);279
3162252;São João da Lagoa (MG);-
3162302;São João da Mata (MG);700
3162401;São João da Ponte (MG);-
3162450;São João das Missões (MG);-
3162500;São João del Rei (MG);474
3162559;São João do Manhuaçu (MG);6800
3162575;São João do Manteninha (MG);60
3162609;São João do Oriente (MG);-
3162658;São João do Pacuí (MG);-
3162708;São João do Paraíso (MG);265
3162807;São João Evangelista (MG);2
3162906;São João Nepomuceno (MG);-
3162922;São Joaquim de Bicas (MG);-
3162948;São José da Barra (MG);3780
3162955;São José da Lapa (MG);-
3163003;São José da Safira (MG);-
3163102;São José da Varginha (MG);-
3163201;São José do Alegre (MG);130
3163300;São José do Divino (MG);-
3163409;São José do Goiabal (MG);2
3163508;São José do Jacuri (MG);-
3163607;São José do Mantimento (MG);700
3163706;São Lourenço (MG);50
3163805;São Miguel do Anta (MG);1540
3163904;São Pedro da União (MG);3800
3164001;São Pedro dos Ferros (MG);-
3164100;São Pedro do Suaçuí (MG);-
3164209;São Romão (MG);...
3164308;São Roque de Minas (MG);5400
3164407;São Sebastião da Bela Vista (MG);1350
3164431;São Sebastião da Vargem Alegre (MG);850
3164472;São Sebastião do Anta (MG);2200
3164506;São Sebastião do Maranhão (MG);105
3164605;São Sebastião do Oeste (MG);-
3164704;São Sebastião do Paraíso (MG);12000
3164803;São Sebastião do Rio Preto (MG);-
3164902;São Sebastião do Rio Verde (MG);-
3165008;São Tiago (MG);380
3165107;São Tomás de Aquino (MG);8310
3165206;São Tomé das Letras (MG);1380
3165305;São Vicente de Minas (MG);-
3165404;Sapucaí-Mirim (MG);-
3165503;Sardoá (MG);14
3165537;Sarzedo (MG);-
3165552;Setubinha (MG);840
3165560;Sem-Peixe (MG);-
3165578;Senador Amaral (MG);-
3165602;Senador Cortes (MG);-
3165701;Senador Firmino (MG);92
3165800;Senador José Bento (MG);400
3165909;Senador Modestino Gonçalves (MG);75
3166006;Senhora de Oliveira (MG);120
3166105;Senhora do Porto (MG);-
3166204;Senhora dos Remédios (MG);30
3166303;Sericita (MG);5800
3166402;Seritinga (MG);-
3166501;Serra Azul de Minas (MG);-
3166600;Serra da Saudade (MG);...
3166709;Serra dos Aimorés (MG);-
3166808;Serra do Salitre (MG);16000
3166907;Serrania (MG);3300
3166956;Serranópolis de Minas (MG);20
3167004;Serranos (MG);-
3167103;Serro (MG);80
3167202;Sete Lagoas (MG);-
3167301;Silveirânia (MG);2
3167400;Silvianópolis (MG);1560
3167509;Simão Pereira (MG);-
3167608;Simonésia (MG);11050
3167707;Sobrália (MG);-
3167806;Soledade de Minas (MG);300
3167905;Tabuleiro (MG);-
3168002;Taiobeiras (MG);630
3168051;Taparuba (MG);12
3168101;Tapira (MG);450
3168200;Tapiraí (MG);1613
3168309;Taquaraçu de Minas (MG);-
3168408;Tarumirim (MG);10
3168507;Teixeiras (MG);1020
3168606;Teófilo Otoni (MG);20
3168705;Timóteo (MG);-
3168804;Tiradentes (MG);-
3168903;Tiros (MG);2060
3169000;Tocantins (MG);-
3169059;Tocos do Moji (MG);354
3169109;Toledo (MG);-
3169208;Tombos (MG);1600
3169307;Três Corações (MG);8700
3169356;Três Marias (MG);-
3169406;Três Pontas (MG);17571
3169505;Tumiritinga (MG);-
3169604;Tupaciguara (MG);191
3169703;Turmalina (MG);650
3169802;Turvolândia (MG);1600
3169901;Ubá (MG);-
3170008;Ubaí (MG);-
3170057;Ubaporanga (MG);3545
3170107;Uberaba (MG);408
3170206;Uberlândia (MG);460
3170305;Umburatiba (MG);...
3170404;Unaí (MG);3770
3170438;União de Minas (MG);-
3170479;Uruana de Minas (MG);-
3170503;Urucânia (MG);-
3170529;Urucuia (MG);553
3170578;Vargem Alegre (MG);64
3170602;Vargem Bonita (MG);2460
3170651;Vargem Grande do Rio Pardo (MG);85
3170701;Varginha (MG);7950
3170750;Varjão de Minas (MG);2337
3170800;Várzea da Palma (MG);700
3170909;Varzelândia (MG);-
3171006;Vazante (MG);...
3171030;Verdelândia (MG);-
3171071;Veredinha (MG);140
3171105;Veríssimo (MG);-
3171154;Vermelho Novo (MG);2240
3171204;Vespasiano (MG);...
3171303;Viçosa (MG);825
3171402;Vieiras (MG);650
3171501;Mathias Lobato (MG);-
3171600;Virgem da Lapa (MG);-
3171709;Virgínia (MG);50
3171808;Virginópolis (MG);80
3171907;Virgolândia (MG);10
3172004;Visconde do Rio Branco (MG);3
3172103;Volta Grande (MG);-
3172202;Wenceslau Braz (MG);-
